encounter_id,region,stratum_id,psu_id,service_type,redirect_flag,attained_flag,weight
E0001,R1,R1-S1,R1-S1-P1,A,1,1,1.3800
E0002,R1,R1-S1,R1-S1-P1,B,0,1,1.3900
E0003,R1,R1-S1,R1-S1-P1,C,1,1,1.4000
E0004,R1,R1-S1,R1-S1-P1,A,0,1,1.4100
E0005,R1,R1-S1,R1-S1-P1,B,1,0,1.4200
E0006,R1,R1-S1,R1-S1-P1,C,0,0,1.4300
E0007,R1,R1-S1,R1-S1-P1,A,1,1,1.4400
E0008,R1,R1-S1,R1-S1-P1,B,0,1,1.4500
E0009,R1,R1-S1,R1-S1-P2,A,0,1,1.4100
E0010,R1,R1-S1,R1-S1-P2,B,1,0,1.4200
E0011,R1,R1-S1,R1-S1-P2,C,0,0,1.4300
E0012,R1,R1-S1,R1-S1-P2,A,1,1,1.4400
E0013,R1,R1-S1,R1-S1-P2,B,0,1,1.4500
E0014,R1,R1-S1,R1-S1-P2,C,1,1,1.4600
E0015,R1,R1-S1,R1-S1-P2,A,0,1,1.4700
E0016,R1,R1-S1,R1-S1-P2,B,1,0,1.4800
E0017,R1,R1-S1,R1-S1-P3,A,1,1,1.4400
E0018,R1,R1-S1,R1-S1-P3,B,0,1,1.4500
E0019,R1,R1-S1,R1-S1-P3,C,1,1,1.4600
E0020,R1,R1-S1,R1-S1-P3,A,0,1,1.4700
E0021,R1,R1-S1,R1-S1-P3,B,1,0,1.4800
E0022,R1,R1-S1,R1-S1-P3,C,0,0,1.4900
E0023,R1,R1-S1,R1-S1-P3,A,1,1,1.5000
E0024,R1,R1-S1,R1-S1-P3,B,0,1,1.5100
E0025,R1,R1-S1,R1-S1-P4,A,0,1,1.4700
E0026,R1,R1-S1,R1-S1-P4,B,1,0,1.4800
E0027,R1,R1-S1,R1-S1-P4,C,0,0,1.4900
E0028,R1,R1-S1,R1-S1-P4,A,1,1,1.5000
E0029,R1,R1-S1,R1-S1-P4,B,0,1,1.5100
E0030,R1,R1-S1,R1-S1-P4,C,1,1,1.5200
E0031,R1,R1-S1,R1-S1-P4,A,0,1,1.5300
E0032,R1,R1-S1,R1-S1-P4,B,1,1,1.5400
E0033,R1,R1-S2,R1-S2-P1,A,0,1,1.4800
E0034,R1,R1-S2,R1-S2-P1,B,1,1,1.4900
E0035,R1,R1-S2,R1-S2-P1,C,0,1,1.5000
E0036,R1,R1-S2,R1-S2-P1,A,1,0,1.5100
E0037,R1,R1-S2,R1-S2-P1,B,0,0,1.5200
E0038,R1,R1-S2,R1-S2-P1,C,1,1,1.5300
E0039,R1,R1-S2,R1-S2-P1,A,0,1,1.5400
E0040,R1,R1-S2,R1-S2-P1,B,1,1,1.5500
E0041,R1,R1-S2,R1-S2-P2,A,1,0,1.5100
E0042,R1,R1-S2,R1-S2-P2,B,0,0,1.5200
E0043,R1,R1-S2,R1-S2-P2,C,1,1,1.5300
E0044,R1,R1-S2,R1-S2-P2,A,0,1,1.5400
E0045,R1,R1-S2,R1-S2-P2,B,1,1,1.5500
E0046,R1,R1-S2,R1-S2-P2,C,0,1,1.5600
E0047,R1,R1-S2,R1-S2-P2,A,1,1,1.5700
E0048,R1,R1-S2,R1-S2-P2,B,0,1,1.5800
E0049,R1,R1-S2,R1-S2-P3,A,0,1,1.5400
E0050,R1,R1-S2,R1-S2-P3,B,1,1,1.5500
E0051,R1,R1-S2,R1-S2-P3,C,0,1,1.5600
E0052,R1,R1-S2,R1-S2-P3,A,1,1,1.5700
E0053,R1,R1-S2,R1-S2-P3,B,0,1,1.5800
E0054,R1,R1-S2,R1-S2-P3,C,1,0,1.5900
E0055,R1,R1-S2,R1-S2-P3,A,0,0,1.6000
E0056,R1,R1-S2,R1-S2-P3,B,1,1,1.6100
E0057,R1,R1-S2,R1-S2-P4,A,1,1,1.5700
E0058,R1,R1-S2,R1-S2-P4,B,0,1,1.5800
E0059,R1,R1-S2,R1-S2-P4,C,1,0,1.5900
E0060,R1,R1-S2,R1-S2-P4,A,0,0,1.6000
E0061,R1,R1-S2,R1-S2-P4,B,1,1,1.6100
E0062,R1,R1-S2,R1-S2-P4,C,0,1,1.6200
E0063,R1,R1-S2,R1-S2-P4,A,1,1,1.6300
E0064,R1,R1-S2,R1-S2-P4,B,0,1,1.6400
E0065,R2,R2-S1,R2-S1-P1,A,0,1,1.6300
E0066,R2,R2-S1,R2-S1-P1,B,1,1,1.6400
E0067,R2,R2-S1,R2-S1-P1,C,0,1,1.6500
E0068,R2,R2-S1,R2-S1-P1,A,1,0,1.6600
E0069,R2,R2-S1,R2-S1-P1,B,0,0,1.6700
E0070,R2,R2-S1,R2-S1-P1,C,1,1,1.6800
E0071,R2,R2-S1,R2-S1-P1,A,0,1,1.6900
E0072,R2,R2-S1,R2-S1-P1,B,1,1,1.7000
E0073,R2,R2-S1,R2-S1-P2,A,1,0,1.6600
E0074,R2,R2-S1,R2-S1-P2,B,0,0,1.6700
E0075,R2,R2-S1,R2-S1-P2,C,1,1,1.6800
E0076,R2,R2-S1,R2-S1-P2,A,0,1,1.6900
E0077,R2,R2-S1,R2-S1-P2,B,1,1,1.7000
E0078,R2,R2-S1,R2-S1-P2,C,0,1,1.7100
E0079,R2,R2-S1,R2-S1-P2,A,1,1,1.7200
E0080,R2,R2-S1,R2-S1-P2,B,0,1,1.7300
E0081,R2,R2-S1,R2-S1-P3,A,0,1,1.6900
E0082,R2,R2-S1,R2-S1-P3,B,1,1,1.7000
E0083,R2,R2-S1,R2-S1-P3,C,0,1,1.7100
E0084,R2,R2-S1,R2-S1-P3,A,1,1,1.7200
E0085,R2,R2-S1,R2-S1-P3,B,0,1,1.7300
E0086,R2,R2-S1,R2-S1-P3,C,1,0,1.7400
E0087,R2,R2-S1,R2-S1-P3,A,0,0,1.7500
E0088,R2,R2-S1,R2-S1-P3,B,1,1,1.7600
E0089,R2,R2-S1,R2-S1-P4,A,1,1,1.7200
E0090,R2,R2-S1,R2-S1-P4,B,0,1,1.7300
E0091,R2,R2-S1,R2-S1-P4,C,1,0,1.7400
E0092,R2,R2-S1,R2-S1-P4,A,0,0,1.7500
E0093,R2,R2-S1,R2-S1-P4,B,1,1,1.7600
E0094,R2,R2-S1,R2-S1-P4,C,0,1,1.7700
E0095,R2,R2-S1,R2-S1-P4,A,1,1,1.7800
E0096,R2,R2-S1,R2-S1-P4,B,0,1,1.7900
E0097,R2,R2-S2,R2-S2-P1,A,1,1,1.7300
E0098,R2,R2-S2,R2-S2-P1,B,0,1,1.7400
E0099,R2,R2-S2,R2-S2-P1,C,1,1,1.7500
E0100,R2,R2-S2,R2-S2-P1,A,0,1,1.7600
E0101,R2,R2-S2,R2-S2-P1,B,1,0,1.7700
E0102,R2,R2-S2,R2-S2-P1,C,0,0,1.7800
E0103,R2,R2-S2,R2-S2-P1,A,1,1,1.7900
E0104,R2,R2-S2,R2-S2-P1,B,0,1,1.8000
E0105,R2,R2-S2,R2-S2-P2,A,0,1,1.7600
E0106,R2,R2-S2,R2-S2-P2,B,1,0,1.7700
E0107,R2,R2-S2,R2-S2-P2,C,0,0,1.7800
E0108,R2,R2-S2,R2-S2-P2,A,1,1,1.7900
E0109,R2,R2-S2,R2-S2-P2,B,0,1,1.8000
E0110,R2,R2-S2,R2-S2-P2,C,1,1,1.8100
E0111,R2,R2-S2,R2-S2-P2,A,0,1,1.8200
E0112,R2,R2-S2,R2-S2-P2,B,1,0,1.8300
E0113,R2,R2-S2,R2-S2-P3,A,1,1,1.7900
E0114,R2,R2-S2,R2-S2-P3,B,0,1,1.8000
E0115,R2,R2-S2,R2-S2-P3,C,1,1,1.8100
E0116,R2,R2-S2,R2-S2-P3,A,0,1,1.8200
E0117,R2,R2-S2,R2-S2-P3,B,1,0,1.8300
E0118,R2,R2-S2,R2-S2-P3,C,0,0,1.8400
E0119,R2,R2-S2,R2-S2-P3,A,1,1,1.8500
E0120,R2,R2-S2,R2-S2-P3,B,0,1,1.8600
E0121,R2,R2-S2,R2-S2-P4,A,0,1,1.8200
E0122,R2,R2-S2,R2-S2-P4,B,1,0,1.8300
E0123,R2,R2-S2,R2-S2-P4,C,0,0,1.8400
E0124,R2,R2-S2,R2-S2-P4,A,1,1,1.8500
E0125,R2,R2-S2,R2-S2-P4,B,0,1,1.8600
E0126,R2,R2-S2,R2-S2-P4,C,1,1,1.8700
E0127,R2,R2-S2,R2-S2-P4,A,0,1,1.8800
E0128,R2,R2-S2,R2-S2-P4,B,1,1,1.8900
E0129,R3,R3-S1,R3-S1-P1,A,1,1,1.8800
E0130,R3,R3-S1,R3-S1-P1,B,0,1,1.8900
E0131,R3,R3-S1,R3-S1-P1,C,1,1,1.9000
E0132,R3,R3-S1,R3-S1-P1,A,0,1,1.9100
E0133,R3,R3-S1,R3-S1-P1,B,1,0,1.9200
E0134,R3,R3-S1,R3-S1-P1,C,0,0,1.9300
E0135,R3,R3-S1,R3-S1-P1,A,1,1,1.9400
E0136,R3,R3-S1,R3-S1-P1,B,0,1,1.9500
E0137,R3,R3-S1,R3-S1-P2,A,0,1,1.9100
E0138,R3,R3-S1,R3-S1-P2,B,1,0,1.9200
E0139,R3,R3-S1,R3-S1-P2,C,0,0,1.9300
E0140,R3,R3-S1,R3-S1-P2,A,1,1,1.9400
E0141,R3,R3-S1,R3-S1-P2,B,0,1,1.9500
E0142,R3,R3-S1,R3-S1-P2,C,1,1,1.9600
E0143,R3,R3-S1,R3-S1-P2,A,0,1,1.9700
E0144,R3,R3-S1,R3-S1-P2,B,1,0,1.9800
E0145,R3,R3-S1,R3-S1-P3,A,1,1,1.9400
E0146,R3,R3-S1,R3-S1-P3,B,0,1,1.9500
E0147,R3,R3-S1,R3-S1-P3,C,1,1,1.9600
E0148,R3,R3-S1,R3-S1-P3,A,0,1,1.9700
E0149,R3,R3-S1,R3-S1-P3,B,1,0,1.9800
E0150,R3,R3-S1,R3-S1-P3,C,0,0,1.9900
E0151,R3,R3-S1,R3-S1-P3,A,1,1,2.0000
E0152,R3,R3-S1,R3-S1-P3,B,0,1,2.0100
E0153,R3,R3-S1,R3-S1-P4,A,0,1,1.9700
E0154,R3,R3-S1,R3-S1-P4,B,1,0,1.9800
E0155,R3,R3-S1,R3-S1-P4,C,0,0,1.9900
E0156,R3,R3-S1,R3-S1-P4,A,1,1,2.0000
E0157,R3,R3-S1,R3-S1-P4,B,0,1,2.0100
E0158,R3,R3-S1,R3-S1-P4,C,1,1,2.0200
E0159,R3,R3-S1,R3-S1-P4,A,0,1,2.0300
E0160,R3,R3-S1,R3-S1-P4,B,1,1,2.0400
E0161,R3,R3-S2,R3-S2-P1,A,0,1,1.9800
E0162,R3,R3-S2,R3-S2-P1,B,1,1,1.9900
E0163,R3,R3-S2,R3-S2-P1,C,0,1,2.0000
E0164,R3,R3-S2,R3-S2-P1,A,1,0,2.0100
E0165,R3,R3-S2,R3-S2-P1,B,0,0,2.0200
E0166,R3,R3-S2,R3-S2-P1,C,1,1,2.0300
E0167,R3,R3-S2,R3-S2-P1,A,0,1,2.0400
E0168,R3,R3-S2,R3-S2-P1,B,1,1,2.0500
E0169,R3,R3-S2,R3-S2-P2,A,1,0,2.0100
E0170,R3,R3-S2,R3-S2-P2,B,0,0,2.0200
E0171,R3,R3-S2,R3-S2-P2,C,1,1,2.0300
E0172,R3,R3-S2,R3-S2-P2,A,0,1,2.0400
E0173,R3,R3-S2,R3-S2-P2,B,1,1,2.0500
E0174,R3,R3-S2,R3-S2-P2,C,0,1,2.0600
E0175,R3,R3-S2,R3-S2-P2,A,1,1,2.0700
E0176,R3,R3-S2,R3-S2-P2,B,0,1,2.0800
E0177,R3,R3-S2,R3-S2-P3,A,0,1,2.0400
E0178,R3,R3-S2,R3-S2-P3,B,1,1,2.0500
E0179,R3,R3-S2,R3-S2-P3,C,0,1,2.0600
E0180,R3,R3-S2,R3-S2-P3,A,1,1,2.0700
E0181,R3,R3-S2,R3-S2-P3,B,0,1,2.0800
E0182,R3,R3-S2,R3-S2-P3,C,1,0,2.0900
E0183,R3,R3-S2,R3-S2-P3,A,0,0,2.1000
E0184,R3,R3-S2,R3-S2-P3,B,1,1,2.1100
E0185,R3,R3-S2,R3-S2-P4,A,1,1,2.0700
E0186,R3,R3-S2,R3-S2-P4,B,0,1,2.0800
E0187,R3,R3-S2,R3-S2-P4,C,1,0,2.0900
E0188,R3,R3-S2,R3-S2-P4,A,0,0,2.1000
E0189,R3,R3-S2,R3-S2-P4,B,1,1,2.1100
E0190,R3,R3-S2,R3-S2-P4,C,0,1,2.1200
E0191,R3,R3-S2,R3-S2-P4,A,1,1,2.1300
E0192,R3,R3-S2,R3-S2-P4,B,0,1,2.1400
